time,Channel_H_dn,Channel_H_up,Channel_Q_dn,Channel_Q_up
2013-01-01 01:00:00,0.000000,0.000311,100.000000,20.000000
2013-01-01 01:15:00,0.000000,-0.023933,94.700687,20.000000
2013-01-01 01:30:00,0.000000,-0.025905,78.166562,20.000000
2013-01-01 01:45:00,0.000000,-0.026370,52.252722,20.000000
2013-01-01 02:00:00,0.000000,-0.025753,25.294062,20.000000
2013-01-01 02:15:00,0.000000,-0.023677,4.871899,20.000000
2013-01-01 02:30:00,0.000000,-0.020407,-6.141154,20.000000
2013-01-01 02:45:00,0.000000,-0.016618,-8.731673,20.000000
2013-01-01 03:00:00,0.000000,-0.013077,-5.425028,20.000000
2013-01-01 03:15:00,0.000000,-0.010368,1.198950,20.000000
2013-01-01 03:30:00,0.000000,-0.008756,8.997205,20.000000
2013-01-01 03:45:00,0.000000,-0.008210,16.343791,20.000000
2013-01-01 04:00:00,0.000000,-0.008508,22.152415,20.000000
2013-01-01 04:15:00,0.000000,-0.009341,25.886457,20.000000
2013-01-01 04:30:00,0.000000,-0.010404,27.508271,20.000000
2013-01-01 04:45:00,0.000000,-0.011445,27.355368,20.000000
2013-01-01 05:00:00,0.000000,-0.012291,25.976540,20.000000
2013-01-01 05:15:00,0.000000,-0.012855,23.973013,20.000000
2013-01-01 05:30:00,0.000000,-0.013123,21.876541,20.000000
2013-01-01 05:45:00,0.000000,-0.013137,20.076984,20.000000
2013-01-01 06:00:00,0.000000,-0.012969,18.797023,20.000000
2013-01-01 06:15:00,0.000000,-0.012702,18.103575,20.000000
2013-01-01 06:30:00,0.000000,-0.012411,17.942587,20.000000
2013-01-01 06:45:00,0.000000,-0.012154,18.184213,20.000000
2013-01-01 07:00:00,0.000000,-0.011965,18.667611,20.000000
2013-01-01 07:15:00,0.000000,-0.011856,19.237831,20.000000
2013-01-01 07:30:00,0.000000,-0.011823,19.770794,20.000000
2013-01-01 07:45:00,0.000000,-0.011849,20.185565,20.000000
2013-01-01 08:00:00,0.000000,-0.011912,20.445555,20.000000
2013-01-01 08:15:00,0.000000,-0.011989,20.551715,20.000000
2013-01-01 08:30:00,0.000000,-0.012065,20.531257,20.000000
2013-01-01 08:45:00,0.000000,-0.012125,20.425186,20.000000
2013-01-01 09:00:00,0.000000,-0.012164,20.277146,20.000000
2013-01-01 09:15:00,0.000000,-0.012182,20.125101,20.000000
2013-01-01 09:30:00,0.000000,-0.012182,19.996472,20.000000
2013-01-01 09:45:00,0.000000,-0.012169,19.906523,20.000000
2013-01-01 10:00:00,0.000000,-0.012149,19.859326,20.000000
2013-01-01 10:15:00,0.000000,-0.012128,19.850371,20.000000
2013-01-01 10:30:00,0.000000,-0.012109,19.869885,20.000000
2013-01-01 10:45:00,0.000000,-0.012096,19.906074,20.000000
2013-01-01 11:00:00,0.000000,-0.012089,19.947758,20.000000
2013-01-01 11:15:00,0.000000,-0.012087,19.986119,20.000000
2013-01-01 11:30:00,0.000000,-0.012089,20.015522,20.000000
2013-01-01 11:45:00,0.000000,-0.012093,20.033543,20.000000
2013-01-01 12:00:00,0.000000,-0.012099,20.040443,20.000000
2013-01-01 12:15:00,0.000000,-0.012105,20.038322,20.000000
2013-01-01 12:30:00,0.000000,-0.012109,20.030217,20.000000
2013-01-01 12:45:00,0.000000,-0.012112,20.019297,20.000000
2013-01-01 13:00:00,0.000000,-0.012113,20.008279,20.000000
2013-01-01 13:15:00,0.000000,-0.012113,19.999094,20.000000
2013-01-01 13:30:00,0.000000,-0.012112,19.992784,20.000000
2013-01-01 13:45:00,0.000000,-0.012110,19.989586,20.000000
2013-01-01 14:00:00,0.000000,-0.012109,19.989132,20.000000
2013-01-01 14:15:00,0.000000,-0.012107,19.990688,20.000000
2013-01-01 14:30:00,0.000000,-0.012106,19.993389,20.000000
2013-01-01 14:45:00,0.000000,-0.012106,19.996432,20.000000
2013-01-01 15:00:00,0.000000,-0.012106,19.999190,20.000000
2013-01-01 15:15:00,0.000000,-0.012106,20.001272,20.000000
2013-01-01 15:30:00,0.000000,-0.012106,20.002517,20.000000
2013-01-01 15:45:00,0.000000,-0.012107,20.002960,20.000000
2013-01-01 16:00:00,0.000000,-0.012107,20.002761,20.000000
2013-01-01 16:15:00,0.000000,-0.012107,20.002145,20.000000
2013-01-01 16:30:00,0.000000,-0.012108,20.001340,20.000000
2013-01-01 16:45:00,0.000000,-0.012108,20.000543,20.000000
2013-01-01 17:00:00,0.000000,-0.012108,19.999888,20.000000
2013-01-01 17:15:00,0.000000,-0.012108,19.999446,20.000000
2013-01-01 17:30:00,0.000000,-0.012107,19.999231,20.000000
2013-01-01 17:45:00,0.000000,-0.012107,19.999212,20.000000
2013-01-01 18:00:00,0.000000,-0.012107,19.999334,20.000000
2013-01-01 18:15:00,0.000000,-0.012107,19.999536,20.000000
2013-01-01 18:30:00,0.000000,-0.012107,19.999757,20.000000
2013-01-01 18:45:00,0.000000,-0.012107,19.999955,20.000000
2013-01-01 19:00:00,0.000000,-0.012107,20.000103,20.000000
2013-01-01 19:15:00,0.000000,-0.012107,20.000188,20.000000
2013-01-01 19:30:00,0.000000,-0.012107,20.000216,20.000000
2013-01-01 19:45:00,0.000000,-0.012107,20.000199,20.000000
2013-01-01 20:00:00,0.000000,-0.012107,20.000152,20.000000
2013-01-01 20:15:00,0.000000,-0.012107,20.000093,20.000000
2013-01-01 20:30:00,0.000000,-0.012107,20.000035,20.000000
2013-01-01 20:45:00,0.000000,-0.012107,19.999989,20.000000
2013-01-01 21:00:00,0.000000,-0.009077,20.662372,30.000000
2013-01-01 21:15:00,0.000000,-0.008830,22.729123,30.000000
2013-01-01 21:30:00,0.000000,-0.008772,25.968353,30.000000
2013-01-01 21:45:00,0.000000,-0.008849,29.338195,30.000000
2013-01-01 22:00:00,0.000000,-0.009109,31.890980,30.000000
2013-01-01 22:15:00,0.000000,-0.009517,33.267628,30.000000
2013-01-01 22:30:00,0.000000,-0.009991,33.591457,30.000000
2013-01-01 22:45:00,0.000000,-0.010434,33.178137,30.000000
2013-01-01 23:00:00,0.000000,-0.010772,32.350145,30.000000
2013-01-01 23:15:00,0.000000,-0.010974,31.375365,30.000000
2013-01-01 23:30:00,0.000000,-0.011042,30.457040,30.000000
2013-01-01 23:45:00,0.000000,-0.011005,29.730959,30.000000
2013-01-02 00:00:00,0.000000,-0.010901,29.264199,30.000000
2013-01-02 00:15:00,0.000000,-0.010768,29.061468,30.000000
2013-01-02 00:30:00,0.000000,-0.010638,29.080578,30.000000
2013-01-02 00:45:00,0.000000,-0.010532,29.252929,30.000000
2013-01-02 01:00:00,0.000000,-0.010461,29.503369,30.000000
2013-01-02 01:15:00,0.000000,-0.010428,29.765428,30.000000
2013-01-02 01:30:00,0.000000,-0.010426,29.990374,30.000000
2013-01-02 01:45:00,0.000000,-0.010447,30.150370,30.000000
2013-01-02 02:00:00,0.000000,-0.010481,30.237052,30.000000
2013-01-02 02:15:00,0.000000,-0.010517,30.257176,30.000000
2013-01-02 02:30:00,0.000000,-0.010549,30.226974,30.000000
2013-01-02 02:45:00,0.000000,-0.010573,30.166550,30.000000
2013-01-02 03:00:00,0.000000,-0.010586,30.095272,30.000000
2013-01-02 03:15:00,0.000000,-0.010590,30.028652,30.000000
2013-01-02 03:30:00,0.000000,-0.010587,29.976805,30.000000
2013-01-02 03:45:00,0.000000,-0.010579,29.944306,30.000000
2013-01-02 04:00:00,0.000000,-0.010570,29.931036,30.000000
2013-01-02 04:15:00,0.000000,-0.010560,29.933593,30.000000
2013-01-02 04:30:00,0.000000,-0.010553,29.946851,30.000000
2013-01-02 04:45:00,0.000000,-0.010548,29.965356,30.000000
2013-01-02 05:00:00,0.000000,-0.010546,29.984362,30.000000
2013-01-02 05:15:00,0.000000,-0.010546,30.000441,30.000000
2013-01-02 05:30:00,0.000000,-0.010547,30.011684,30.000000
2013-01-02 05:45:00,0.000000,-0.010550,30.017584,30.000000
2013-01-02 06:00:00,0.000000,-0.010552,30.018704,30.000000
2013-01-02 06:15:00,0.000000,-0.010555,30.016264,30.000000
2013-01-02 06:30:00,0.000000,-0.010556,30.011741,30.000000
2013-01-02 06:45:00,0.000000,-0.010557,30.006530,30.000000
2013-01-02 07:00:00,0.000000,-0.010558,30.001735,30.000000
2013-01-02 07:15:00,0.000000,-0.010557,29.998060,30.000000
2013-01-02 07:30:00,0.000000,-0.010557,29.995807,30.000000
2013-01-02 07:45:00,0.000000,-0.010556,29.994945,30.000000
2013-01-02 08:00:00,0.000000,-0.010555,29.995210,30.000000
2013-01-02 08:15:00,0.000000,-0.010555,29.996223,30.000000
2013-01-02 08:30:00,0.000000,-0.010554,29.997588,30.000000
2013-01-02 08:45:00,0.000000,-0.010554,29.998965,30.000000
2013-01-02 09:00:00,0.000000,-0.010554,30.000113,30.000000
2013-01-02 09:15:00,0.000000,-0.010554,30.000902,30.000000
2013-01-02 09:30:00,0.000000,-0.010555,30.001302,30.000000
2013-01-02 09:45:00,0.000000,-0.010555,30.001358,30.000000
2013-01-02 10:00:00,0.000000,-0.010555,30.001164,30.000000
2013-01-02 10:15:00,0.000000,-0.010555,30.000826,30.000000
2013-01-02 10:30:00,0.000000,-0.010555,30.000446,30.000000
2013-01-02 10:45:00,0.000000,-0.010555,30.000101,30.000000
2013-01-02 11:00:00,0.000000,-0.010555,29.999841,30.000000
2013-01-02 11:15:00,0.000000,-0.010555,29.999685,30.000000
2013-01-02 11:30:00,0.000000,-0.010555,29.999630,30.000000
2013-01-02 11:45:00,0.000000,-0.010555,29.999655,30.000000
2013-01-02 12:00:00,0.000000,-0.010555,29.999732,30.000000
2013-01-02 12:15:00,0.000000,-0.010555,29.999832,30.000000
2013-01-02 12:30:00,0.000000,-0.010555,29.999932,30.000000
2013-01-02 12:45:00,0.000000,-0.010555,30.000014,30.000000
2013-01-02 13:00:00,0.000000,-0.010555,30.000069,30.000000
2013-01-02 13:15:00,0.000000,-0.010555,30.000096,30.000000
2013-01-02 13:30:00,0.000000,-0.010555,30.000099,30.000000
2013-01-02 13:45:00,0.000000,-0.010555,30.000083,30.000000
2013-01-02 14:00:00,0.000000,-0.010555,30.000058,30.000000
2013-01-02 14:15:00,0.000000,-0.010555,30.000030,30.000000
2013-01-02 14:30:00,0.000000,-0.010555,30.000006,30.000000
2013-01-02 14:45:00,0.000000,-0.010555,29.999987,30.000000
2013-01-02 15:00:00,0.000000,-0.010555,29.999976,30.000000
2013-01-02 15:15:00,0.000000,-0.010555,29.999973,30.000000
2013-01-02 15:30:00,0.000000,-0.010555,29.999975,30.000000
2013-01-02 15:45:00,0.000000,-0.010555,29.999981,30.000000
2013-01-02 16:00:00,0.000000,-0.010555,29.999988,30.000000
2013-01-02 16:15:00,0.000000,-0.010555,29.999996,30.000000
2013-01-02 16:30:00,0.000000,-0.010555,30.000001,30.000000
2013-01-02 16:45:00,0.000000,-0.010555,30.000005,30.000000
2013-01-02 17:00:00,0.000000,-0.010555,30.000007,30.000000
2013-01-02 17:15:00,0.000000,-0.010555,30.000007,30.000000
2013-01-02 17:30:00,0.000000,-0.010555,30.000006,30.000000
2013-01-02 17:45:00,0.000000,-0.010555,30.000004,30.000000
2013-01-02 18:00:00,0.000000,-0.010555,30.000002,30.000000
2013-01-02 18:15:00,0.000000,-0.010555,30.000000,30.000000
2013-01-02 18:30:00,0.000000,-0.010555,29.999999,30.000000
2013-01-02 18:45:00,0.000000,-0.010555,29.999998,30.000000
2013-01-02 19:00:00,0.000000,-0.010555,29.999998,30.000000
2013-01-02 19:15:00,0.000000,-0.010555,29.999998,30.000000
2013-01-02 19:30:00,0.000000,-0.010555,29.999999,30.000000
2013-01-02 19:45:00,0.000000,-0.010555,29.999999,30.000000
2013-01-02 20:00:00,0.000000,-0.010555,30.000000,30.000000
2013-01-02 20:15:00,0.000000,-0.010555,30.000000,30.000000
2013-01-02 20:30:00,0.000000,-0.010555,30.000000,30.000000
2013-01-02 20:45:00,0.000000,-0.010555,30.000001,30.000000
2013-01-02 21:00:00,0.000000,-0.010555,30.000001,30.000000
2013-01-02 21:15:00,0.000000,-0.010555,30.000000,30.000000
2013-01-02 21:30:00,0.000000,-0.010555,30.000000,30.000000
2013-01-02 21:45:00,0.000000,-0.010555,30.000000,30.000000
2013-01-02 22:00:00,0.000000,-0.010555,30.000000,30.000000
2013-01-02 22:15:00,0.000000,-0.010555,30.000000,30.000000
2013-01-02 22:30:00,0.000000,-0.010555,30.000000,30.000000
2013-01-02 22:45:00,0.000000,-0.010555,30.000000,30.000000
2013-01-02 23:00:00,0.000000,-0.010555,30.000000,30.000000
2013-01-02 23:15:00,0.000000,-0.010555,30.000000,30.000000
2013-01-02 23:30:00,0.000000,-0.010555,30.000000,30.000000
2013-01-02 23:45:00,0.000000,-0.010555,30.000000,30.000000
2013-01-03 00:00:00,0.000000,-0.010555,30.000000,30.000000
2013-01-03 00:15:00,0.000000,-0.010555,30.000000,30.000000
2013-01-03 00:30:00,0.000000,-0.010555,30.000000,30.000000
